ability;neurčitý člen;;
a.m./AM;ráno (čas);;
ability;schopnost;;
able;schopný;;
about;asi, kolem;;
above;nad, více než;;
abroad;v cizině;;
abuse;zneužití, nadávky;;
accelerate;zrychlit (se);;
accept;přijmout;;
accessible;přístupný;;
accident;nehoda, náhoda;;
accidental;náhodný;;
accompany;(do)provázet;;
accomplish;provést, dokázat;;
accountant;účetní;;
accuracy;přesnost;;
across;přes, na druhou stranu (něčeho);;
act;čin, skutek;;
action;děj, akce, boj;;
activity;činnost;;
actual;skutečný;;
add;přidat, sečíst;;
adjust;upravit, přizpůsobit;;
admit;uznat, vpustit;;
adult;dospělý;;
advanced;pokročilý;;
advertise;inzerovat, dělat reklamu;;
advertisement;inzerát, reklama;;
advice;rada, správa;;
affect;působit na, postihnout;;
afford;dovolit si, dopřát si;;
afraid;obávat se (čeho);;
after;po, za, později;;
afternoon;odpoledne;;
again;opět, znovu;;
against;proti;;
age;věk, stáří;;
agency;zastoupení, agentura;;
ago;před (časově);;
agree;souhlasit;;
agreement;souhlas, dohoda;;
ahead;kupředu;;
achieve;dosáhnout (čeho);;
aid;pomoc;;
aim;mířit, cíl;;
air;vzduch, povětří;;
alike;podobný, stejný;;
all;celý, všechen;;
allow;dovolit, umožnit;;
alone;sám;;
along;podél;;
already;už, již;;
also;také;;
although;ačkoli, I když;;
always;vždy;;
among;mezi (více než dvěma);;
amount;částka, množství;;
an;neurčitý člen před samohláskou;;
and;a;;
angry;rozzlobený;;
animal;zvíře;;
announce;oznámit;;
annual;roční, každoroční;;
another;jiný, další;;
answer;odpověď;;
anticipate;předvídat;;
anxiety;starost, úzkost;He caused his parents great anxiety.;
any;jakýkoli, nějaký, žádný (v záporu);;
anybody;někdo;Is anybody there?;
anything;cokoli, nic (v záporu);Don’t do anything until I get back.;
anywhere;kdekoli, nikde (v záporu);;
apart;stranou, odděleně, daleko;;
apartment;pokoj, byt;;
apologize;omluvit se;;
appetite;chuť k jídlu;;
application;žádost, použití;;
apply;žádat;;
appointment;schůzka;;
appreciate;oceňovat, uznávat;;
approach;přiblížení, přístup, příchod;The time is approaching, when you must leave home.;
approval;souhlas, schválení;Does the plan meet your approval?;
apporve;schválit;;
area;oblast;;
argue;přít se, dokazovat;;
architect;architekt;;
arm;paže;;
army;armáda;;
around;okolo, dokola;;
arrange;uspořádat, zařídit;;
arrive;přijet, přijít;;
art;umění, výtvarné umění;;
article;článek (novinový), člen (mluvnicky);;
as;tak, jako;I’m speaking to you as a friend.;
asleep;spící;He felt asleep during a meeting.;
assemble;shromáždit (se), montovat;;
assist;pomáhat;;
associate;společník, sdružit se;;
assume;domnívat se, předpokládat;;
assumption;předpoklad, domněnka;;
assure;ujistit;I assure you that he is safe with us.;
attack;útok;;
attempt;pokus, pokusit se;;
attend;účastnit se;;
attention;pozornost;Please pay attention to me.;
attic;půda (v domě);;
attitude;postoj, poměr, stanovisko;;
aunt;teta;;
author;autor, spisovatel;;
authority;autorita;;
average;průměrný;;
avoid;vyhnout se, vyvarovat se;;
awake;vzbudit (se), bdít;;
away;pryč;;
baby;nemluvně, kojenec;;
back;záda, vzadu, zpět;;
bad;špatný, zkažený, zlý, škodlivý;;
bag;taška, pytel;;
bake;péct;;
bakery;pekařství;;
balcony;balkón;;
ball;míč, ples;;
band;kapela;;
bank;banka, břeh, násep;;
base;základ, základna, být založen (na);;
basement;sklep;;
basket;koš;;
basketball;basketbal;;
bath;koupel;;
bathroom;koupelna;;
battery;baterie;;
be;být;;
beautiful;krásný;;
because;protože, poněvadž;;
become;stát se (něčím);I want to become a teacher.;
bed;postel;;
bedroom;ložnice;;
beef;hovězí;;
beer;pivo;;
before;předtím, před (časově);;
beforehand;předem;You will have to tell me beforehand.;Budeš mi to muset říct předem.
begin;začít;;
behaviour;chování;She was ashamed of his behaviour.;Styděla se za jeho chování.
behind;vzadu, pozadu;The others are a long way behind.;Ostatní jsou pořádný kus cesty vzadu.
believe;věřit, domnívat se;;
bell;zvonek, zvon;;
belong;náležet, patřit;;
below;pod, dole;;
belt;pásek;;
bend;ohnout, oblouk;The tree was bending in the wind.;Strom se ohýbal ve větru.
beside;vedle, u;;
best;nejlepší, nejlépe;;
better;lepší, lépe;;
between;mezi (dvěma);;
beyond;na druhé straně, za;The road continues beyond the village.;Cesta pokračuje za vesnící.
bicycle;kolo (jízdní);I ride my bicycle everywhere.;Všude jezdím na kole.
big;velký;;
bill;účet (útrata);I will pay the telephone bill.;Zaplatím ten telefonní účet.
biology;biologie;;
birthday;narozeniny;;
bite;kousat;;
black;černý;;
blanket;pokrývka, deka;May I have an extra blanket?;Mohu dostat deku navíc?
block;špalek, blok, zablokovat;;
blood;krev;;
blouse;blůza, halenka;;
blow;foukat;;
blue;modrý;;
board;rada (sbor), prkno;;
boat;člun, loď;;
body;tělo, těleso, orgán;;
bone;kost;;
book;kniha, rezervovat;;
bookshop;knihkupectví;;
boot;bota (vysoká);Take good boots with you for the trip.;Vezměte si na výlet dobré boty.
border;okraj, pohraničí, hranice (států);;
bored;znuděný;;
born;narozený;;
borrow;vypůjčit si;Could I borrow your bicycle?;Mohl bych si vypůjčit tvoje kolo?
boss;pán, šéf, vedoucí;;
both;oba;;
bottle;láhev;;
bottom;dno, spodek;;
boutique;obchůdek, butik;;
bowl;mísa, číše;;
box;krabice, bedna, boxovat;;
boy;chlapec;;
boyfriend;snoubenec, přítel (partner);;
brand;značka, druh, zboží;Which brand do you prefer?;Kterou značku preferuješ?
branch;větev, pobočka;;
bread;chléb;;
break;zlomit, rozbít;;
breathe;dýchat;;
bricklayer;zedník;;
bridge;most, překlenout;;
brief;krátký, stručný, sdělit informaci;;
briefcase;kufr, kufřík, aktovka;;
bright;jasný, bystrý;;
bring;přivést, přinést;;
brush;kartáč, kartáček;Sheila has a blue toothbrush.;Sheila má modrý kartáček na zuby.
budget;rozpočet;;
build;stavět;;
building;budova;;
burn;hořet;;
bus;autobus;;
business;podnikání, obchod, podnik;;
businessman;podnikatel;;
busy;zaměstnaný, rušný;;
but;ale, avšak, jenom;;
butcher;řezník;;
butter;máslo;;
buy;koupit;;
by;u, vedle, kolem, pomocí;;
bye;nashledanou, ahoj;;
cafe;kavárna;;
calculate;počítat, vypočítat;;
calendar;kalendář;;
call;volání, nazývat;;
calm;tichý, klidný;The city is calm today after yesterday’s riots.;Město je dnes klidné po včerejších nepokojích.
can;plechovak, umět, moci;;
cancel;zrušit, odvolat;;
capital;hlavní město;;
car;auto, vůz;;
card;katrta, lístek, legitimace;;
care;péče, starost;;
carpet;koberec;;
carry;dopravovat, nosit;;
cartoon;creslené obrázky, komiksy;;
case;případ;;
cash;hotovost, proplatit, inkasovat;;
castle;hrad;;
cat;kočka;;
catch;chytit, stihnout;;
cause;příčina, způsobit;;
caution;opatrnost;;
celebrate;slavit, oslavovat;;
celebration;oslava;;
cellar;sklep, sklípek;;
central;střední, ústřední;;
certain;jistý, určitý;;
chair;křeslo, židle;;
challenge;výzva, namítat, popírat;They were challenged to work harder.;Byli vyzváni, aby pracovali pilněji.
chance;náhoda, příležitost, nahodilý;;
change;změna, výměna, drobné (mince), přesednout;;
channel;kanál, TV program;;
chapter;kapitola;;
character;povaha;;
charge;poplatek, náboj;;
chart;graf, diagram;;
chat;povídat si, klábosit;;
cheap;levný, levně;;
cheat;napálit, podvést, podvod, podvodník;;
check;kontrolovat;;
cheese;sýr;;
chemist;chemik, lékárník, lékárna;;
chemistry;chemie;;
chicken;kuře;;
child;dítě;;
children;děti;;
chocolate;čokoláda;;
choice;volba, výběr;;
choose;zvolit, vybrat;;
Christian;křesťan;;
Christmas;Vánoce;;
church;kostel, církev;;
cinema;kino;;
circle;kruh, kroužit;;
circumstance;okolnost;Circumstances forced us to change our plans.;Okolnosti nás přinutili změnit naše plány.
citizen;občan, měšťan;;
city;město, velkoměsto;;
class;třída;The class took a trip to the museum.;Třída jela na výlet do muzea.
classical;klasický, vážná (hudba);;
classify;klasifikovat, třídit;;
classroom;učebna, třída (prostor);;
clean;čistý, čistit;;
clear;jasný, zřetelný;;
clever;chytrý, obratný;;
climb;šplhat, lézt, stoupat;;
close;uzavřený, těsný;;
clothes;šaty, prádlo;;
cloud;mrak, oblak, potáhnout;;
club;klub;;
coach;dálkový autobus, trenér, soukromý učitel;;
coast;pobřeží, břeh;;
coat;kabát, nátěr, natřít;;
coffee;káva;;
coin;mince, drobné (peníze);;
cold;studený, chladný, zima, nachlazení, rýma;;
collect;sbírat, inkasovat;;
college;vysoká škola, kolej, fakulta;;
colour;barva;;
comb;hřeben (na vlasy);;
combination;spojení, kombinace;;
come;přijít, přijet;;
comfort;pohodlí, útěcha;;
comfortable;pohodlný;;
command;rozkaz;;
comment;poznámka, komentář, komentovat;;
commerce;obchod;;
commercial;obchodní;;
common;obecný, obyčejný, společný;We don’t have much in common.;Nemáme mnoho společného.
communicate;sdělit, oznámit, být ve spojení;;
communication;sdělení, zpráva, spojení;;
community;společenství, obec, veřejnost;;
commute;změnit, zaměnit, dojíždět;;
companion;druh, společník, průvodce;;
company;společnost, firma;;
compare;srovnávat, přirovnávat;;
competition;soutěž, konkurence;;
complain;stěžovat si;;
complaint;stížnost;;
complete;úplný, doplnit, dokončit;;
complicated;složitý;;
complication;komplikace;;
compromise;kompromis, dohodnout se;Can we reach a compromise?;Můžeme dosáhnout kompromisu?
computer;počítač;;
concentrate;soustředit se, koncentrovat se;;
concern;zájem, záležitost, starost, podnik;;
concert;koncert;;
conclude;ukončit, uzavřít;;
conclusion;závěr, konec (pojednání), uzavření (smlouvy);;
condition;podmínka, stav;;
conference;konference;;
confident (of);přesvědčený;;
confirm;potvrdit;;
congratulate;blahopřát;;
connect;spojit, souviset;;
consider;uvažovat, považovat za;;
consist;skládat se (z něčeho), spočívat;;
contain;obsahovat;;
contemporary;současný, coučasník;;
content;spokojený, obsah;;
contents;obsah (čeho);;
continent;kontinent, pevnina;;
continue;pokračování;;
continuous;nepřetržitý;;
contract;smlouva;;
control;dozor, kontrola, řídit, ovládat, kontrolovat;;
conversation;rozhovor, konverzace;;
convince;přesvědčit;;
cook;kuchař, vařit;;
cool;chladný, studený, chladnokrevný, skvělý;;
co-operate;spolupracovat;;
copy;opisovat, kopie, výtisk;;
corner;roh, kout;;
correct;správný, opravit;;
correspond;odpovídat (shoda), shodovat se, dopisovat si;;
cost;cena, náklad (finanční), stát (cena);;
cotton;bavlna, bavlněná látka;;
couch;pohovka;;
could;mohl bych;;
council;rada (sbor), sbor, organizace;;
count;hrabě, počet, počítat;;
counter;pult, přepážka, počítadlo;;
country;země, kraj (zeměpisně), venkov;;
couple;pár, dvojice;;
courage;odvaha;;
course;běh, chod, kurz;;
court;soud, kurt;;
cousin;bratranec, sestřenice;;
cover;přikrýt, zaujímat, hradit;;
crazy;šílený;;
cream;smetana;;
crime;zločin;;
cross;přejít, kžíž;;
crowd;zástup, tlačenice, shromáždit se, tlačit se;;
cruel;krutý;;
cry;křičet, plakat, volat, křik, pláč, volání;;
cue;narážka, stopa (vodítko);;
cup;šálek, pohár;;
cupboard;kredenc;;
curious;zvědavý, podivný, zvláštní;;
currency;oběživo, měna;;
current;běžný, obvyklý;;
curtains;záclony;;
curve;křivka, zatáčka, křivit se, zatáčet;;
cushion;polštář;;
custom;zvyk, obyčej;;
customer;zákazník;;
customs;clo, celnice;Where is the customs office?;Kde je kancelář celnice?
customs officer;celník;;
cut;řezat, krájet;;
cycle;cyklus, kolo (jízdní), jet na kole;;
dad;tatínek, táta;;
daily;denní, každodenní, denně, deník;;
dam;hráz, přehrada, přehradit;;
damage;škoda, poškodit;;
dance;tanec, tancovat;;
danger;nebezpečí;;
dark;Tmavý, temný, tma;;
date;datum, období, schůzka, pocházet, datle;;
daughter;dcera;;
day;denní, každodenní, denně, deník;;
dead;mrtvý, neživý, úplně;;
deal;dohodnout se, dohoda, zacházet (s něčím);;
dear;vážený, drahý, milý;;
death;smrt;;
debt;dluh;;
decide;rozhodnout (se);;
decision;rozhodnutí, rozhodnost;;
declare;prohlásit, vyhlásit;;
decoration;ozdoba;;
decrease;zmenšit, ubývat, úbytek, pokles;;
deep;hluboký, hluboko;;
defeat;porazit, zničit, porážka;;
defend;bránit, hájit;;
definition;definice;;
degree;stupeň, akademická hodnost;;
delay;zpožďovat, zdržovat, odkládat (časově), odklad, zdržení;;
delicious;lahodný;;
deliver;osvobodit, odevzdat, doručit, zasadit (ránu), pronést (řeč);;
demand;požadavek, poptávka, žádat, vyžadovat;;
dentist;zubař;;
department;oddělení (útvar);;
depend (on);záviste, spoléhat;;
deposit;vklad, záloha, složit (peníze), dát zálohu;;
depth;hloubka;;
deputy;poslanec, zástupce;;
describe;popsat (slovně), vylíčit;;
desert;poušť;;
deserve;zasluhovat;;
design;zamýšlet, plánovat, úmysl, záměr, návrh;;
desk;psací stůl, lavice;;
dessert;dezetrt, moučník;;
destination;určení, cíl;;
destroy;zničit;;
development;vývoj, rozvoj;;
dial;ciferník, číselník, vytáčet číslo;;
die;zemřít;;
difference;rozdíl;;
different;jiný, rozdílný;;
difficult;obtížný;;
digital;digitální;;
dinner;hlavní jídlo dne (oběd nebo večeře);;
direct;přímo, přímý, namířit, ukázat cestu, nařídit;;
direction;směr, nařízení;;
director;ředitel;;
dirty;špinavý, prostý;;
disadvantage;nevýhoda;;
disagree;nesouhlasit;;
disappear;zmizet;;
disappoint;zklamat;;
disaster;pohroma, neštěstí;;
disc;disk;;
disk;disk;;
disconnect;přerušit spojení, odpojit;;
discount;srážka, sleva;;
discourage;zastrašit, zrazovat (od čeho);;
discover;objevit, odkrýt (odhalit);;
discuss;hovořit, projednávat;;
disease;nemoc;;
dish;mísa, chod (jídlo);;
dishonest;nepoctivý, nečestný;;
dislike;nechuť, odpor, nemít rád;;
disobedience;neposlušnost;;
display;vyložit, vystavit, projeivt, výklad, výloha;;
disregard;nevážit si, přehlížet, neúcta, přehlížení;;
dissatisfaction;nespokojenost;;
distance;vzdálenost;;
distant;vzdálený;;
distract;odvrátit pozornost, zmást, zneklidnit;;
distribute;rozdělovat, třídit, rozeslat;;
disturb;vyrušovat;;
divide;dělit (se), rozdělit (se);;
divorce;rozvod (manželství), rozvést (manželství);;
do;dělat;;
doctor;doktor;;
dog;pes;;
door;dveře;;
doorbell;zvonek;;
double;dvojitý, dvakrát, dvojník, zdvojit;;
doubt;pochybnost, zpochybnit;;
down;dolů, dole;;
downstairs;dole (po schodech), dolů (po schodech), ;;
dozen;tucet;;
drama;drama, divadlo;;
draw;táhnout, kreslit;;
drawer;zásuvka;;
dream;sen, snění, mít sen, snít;;
dress;šaty, obléknout se;;
drink;pít, nápoj;;
drive;řídit, jet;;
driver;řidič;;
drop;upustit, kapka;;
dry;suchý, sušit, schnout;;
due;dlužný, patřičný, splatný, řádný;;
dull;tupý, nudný, neživý;;
dumplings;knedlíky;;
during;během (v průběhu);;
dust;prach, prášit;;
duty;povinnost, služba, clo, poplatek;;
each;každý;;
ear;ucho;;
early;časný, brzký, raný, časně, brzy;;
earn;vydělávat;;
earth;země (svět), hlína, svět;;
earthquake;zemětřesení;;
east;východ (zeměpisně), východní;;
easy;snadný, nenucený;;
eat;jíst;;
economy;ekonomika, hospodaření;;
education;vzdělání;;
effort;námaha;;
either;každý (ze dvou), jeden nebo druhý (ze dvou);;
elect;zvolit;;
electrician;elektrikář;;
electricity;elektřina;;
element;prvek, element;;
elevator;výtah;;
else;jiný, jinak, jinde, ještě;;
email;e-mail;;
embarrass;uvést do rozpaků, zmást, poplést;;
employ;zaměstnat, použít;;
employment;zaměstnanost;;
empty;prázdný, vyprázdnit;;
enable;uschopnit, dát možnost;;
encourage;povzbudit, dodat odvahu;;
end;konec, končit;;
ending;závěr, koncovka;;
enemy;nepřítel;;
engine;stroj, motor, lokomotiva;;
English;anglicky, angličtina;;
enjoy;mít potěšení, těšit se, požívat;;
enough;dost;;
enrol;zapsat se (na seznam);;
entertaining;závbavný;;
entertainment;zábava;;
entire;veškerý,  naprostý, celý;;
entrance;vchod;;
envelope;obálka;;
environment;prostředí;;
equal;rovný, stejný, rovnat se;;
error;omyl, chyba;;
escalator;eskalátor;;
especially;obzvláště, speciálně;;
essential;podstatný, hlavní;;
establish;založit (např. Společnost);;
estate;majetek;;
estimate;odhad, odhadnout, ocenit;;
even;I;;
evening;večer;;
event;událost, případ;;
ever;kdy, vždy, stále;;
every;každý;;
everybody;každý, všichni;;
everything;všechno;;
everywhere;všude;;
exact;přesný;;
exam;zkouška;;
example;příklad;;
excellent;vynikající, výborný;;
excite;vzrušit, rozčílit;;
excuse;omluvit, odpustit;;
executive;výkonný;;
exercise;cvičení;;
exchange;výmena, vyměnit, burza;;
exists;existovat, být, vyskytovat se;;
exit;východ (odkud);;
expect;očekávat;;
except;až na, kromě;;
exclude;vyloučit;;
expensive;drahý, nákladný;;
experience;zkušenost, zážitek, zažít;;
expert;zručný, odborný, odborník, znalec;;
explain;vysvětlit;;
explanation;vysvětlení;;
explore;prozkoumat, probádat;;
export;export, vývoz;;
express;vyjádřit, vytlačit, výslovný, rychlý, rychle;;
extend;natáhnout, prodloužit, rozšířit;;
extra;navíc, zvlášť;;
eye;oko;;
fabric;látka;;
face;tvář, obličej;;
fact;fakt, skutečnost;;
factory;továrna;;
fail;selhat, nezvládnout;;
failure;selhání, neúspěch;;
fair;trh (prodej), veletrh, fér, slušný, správně;;
fairytale;pohádka;;
fall;padat, klesat, zahynout;;
NEPRAVDA;nesprávný, nevěrný, falešný;;
familiar;dobře známý;Are you familiar with this word?;Znáš to slovo
family;rodina;;
famous;slavný;;
fan;ventilátor, větrák;;
far;daleko;;
fare;jízdné;;
farming;zemědělství;;
fashion;móda, módní;;
fast;rychlý, rychle;;
fasten;připoutat (se);;
fat;tlustý, tučný, tuk, sádlo;;
father;otec;;
father-in-law;tchán;;
fault;chyba, vina;;
favourite;oblíbený;;
fee;honorář, poplatek;;
feed;krmit, živit, pást se, zásobovat;;
feel;cítit (se);;
feet;nohy, chodidla, stopy (míra);sing. Foot;
fever;horečka;;
few;málo, nemnoho;;
field;pole, sféra;;
fight;bojovat, zápasit, dobýt;;
file;složka, pořadač;;
fill;naplnit, vyplnit;;
final;konečný, závěrečný;;
finance;finance;;
financial;finanční;;
find;najít, nalézt;;
fine;pokuta, jemný, uhlazený, příjemný;;
finger;prst (u ruky);;
finish;dokončit, konec, závěr;;
firm;pevný, stálý, firma, podnik;;
first;první;;
fish;ryba;;
fist;pěst;;
fit;padnout;;
flag;vlajka, prapor, dlaždice;;
flat;byt, rovný, plochý;;
flood;povodeň, záplava;;
floor;podlaha, patro;;
flow;téci, tok, proud;;
flower;kytka;;
fly;letět, moucha;;
fog;mlha;;
follow;následovat;;
food;jídlo, potrava, chodidlo;;
football;fotbal;;
for;pro;;
forecast;předpověď, výhled (budoucnosti);;
foreign;cizí, zahraniční;;
forest;les;;
forget;zapomenout;;
forgive;odpustit;;
fork;vidlička;;
form;tvar, forma, formulář;;
forward;dopředu, vpřed;;
fragile;křehký;;
free;svobodý, zdarma;;
freedom;svoboda;;
freeze;mrznout;;
fresh;čerstvý, svěží;;
friend;přítel, známý;;
friendly;přátelský;;
from;od, z;;
front;přední;;
frost;mráz, námraza;;
fruit;ovoce;;
full;plný;;
fun;zábava, legrace;;
fund;fond, peněžité prostředky;;
funny;směšný, zábavný;;
furniture;nábytek;;
further;dále, další, vzdálenější;;
future;budoucnost, budoucí;;
gain;získat, vyhrát;;
game;hra, zvěřina;;
garage;garáž;;
garbage;odpadky;;
garden;zahrada;;
garlic;česnek;;
gas;plyn;;
gasoline;benzín;;
gate;brána;;
gather;shromáždit;;
collect;sbírat;;
general;všeobecný, obecný, hlavní, generál;;
get;dostat, obdržet, získat;;
gift;dárek;;
girl;dívka;;
girlfriend;snoubenka, přítelkyně;;
give;dát, udělit, věnovat;;
glad;potěšen;;
glass;sklo, sklenice;;
glasses;brýle;;
gloves;rukavice;;
go;jít;;
gold;zlato;;
good;dobrý, hodný, laskavý;;
goods;zboží;;
gossip;pomlouvat;;
government;vláda;;
grade;třída, stupeň;;
grandfather;dědeček;;
grandmother;babička;;
grape;hroznové víno;;
grass;tráva;;
grateful;vděčný;;
great;velký, skvělý;;
green;zelený;;
greet;pozdravit;;
greeting;pozdrav;;
grey;šedý, šeď;;
ground;půda, dno, země;;
ground-floor (on the);přízemí;Our office Is on the ground-floor.;Naše kancelář je v přízemí.
group;skupina, seskupit se;;
grow;růst (sloveso), pěstovat;;
growth;růst (podst.jm.), výrůstek;;
guarantee;ručitel, záruka, ručení, ručit;;
guard;střeh, stráž, hlídka, střežit, hlídat;;
guess;domnívat se, hádat;;
guest;host;;
guide;průvodce, návod;;
guitar;kytara;;
gun;střelná zbraň;;
hair;vlasy;;
half;polovina, poloviční;;
hall;sál, hala;;
hand;rukavice;;
handsome;pohledný (o muži);;
hang;pověsit, oběsit, viset;;
happen;stát se, přihodit se;;
happiness;štěstí;;
happy;šťastný;;
hard;tvrdý, těžký;;
hardly;stěží, sotva;;
hardware;hardware, železářské zboží;;
hat;klobouk;;
hate;nenávidět;;
have;mít, dostat, vzít si;;
he;on;;
head;hlava, ředitel, vést;;
headache;bolest hlavy;;
health;zdraví;;
healthy;zdravý;;
hear;slyšet, poslouchat;;
heart;srdce;;
heaven;nebe;;
heavy;těžký;;
height;výška;;
hello;ahoj;;
help;pomoc;;
helpful;ochotný;;
her;její;;
here;zde, sem;;
hero;hrdina;;
hers;její;This purse is hers.;To je její kabelka.
hesitate;váhat, zdráhat se;;
hi;nazdar, ahoj;;
hide;skrýt, zatajit;;
high;vysoký;;
highway;dálnice;;
hill;kopec, vrch;;
him;ho, jeho;;
hire;najmout (si);;
his;jeho;;
history;dějiny, historie;;
hit;zásah, zasáhnout;;
hobby;koníček;;
hockey;hokej;;
hold;držet;;
hole;díra, otvor;;
holiday;dovolená, prázdniny, svátek;;
home;domov;;
homework;domácí úkol;;
honest;poctivý, čestný, upřímný;;
hope;naděje, doufat;;
horrible;strašný, hrozný;;
horse;kůň;;
hospital;nemocnice;;
host;hostitel;;
hot;horký, horko;;
hotel;hotel;;
hour;hodina;;
house;dům;;
housewife;žena v domácnosti;;
how;jak;;
however;jakkoli, nicméně;;
huge;obrovský;;
human;lidský;;
humble;pokorný, skromný;;
humour;nálada, humor;;
hundred;sto;;
hungry;hladový;;
hurry;spěch, pospíchat;;
hurt;ranit, ublížit, bolet;;
husband;manžel;;
I;já;;
ice;led, zmrzlina;;
icy;ledový, namrzlý;;
idea;nápad, myšlenka;;
identical;totožný;;
identity;totožnost, identita;;
if;kdyby, jestliže;;
ignore;ignorovat;;
ill;nemocný;;
illegal;nezákonný, ilegální;;
illness;nemoc;;
illustrate;ilustrovat;;
imagine;představit si;;
immediately;okamžitě;;
impatient;netrpělivý;;
impolite;nezdvořilý;;
import;import;;
important;důležitý;;
impossible;nemožný;;
impression;dojem;;
improve;zlepšit se;;
in;v, na;;
include;zahrnout, obsahovat;;
including;včetně;;
income;plat, příjem;;
inconvenient;nevhodný, nevýhodný;;
incorrect;nesprávný;;
increase;zvýšit, zvětšit;;
incredible;neuvěřitelný;;
indeed;opravdu, skutečně;;
independent;nezávislý;;
indicate;naznačit, indikovat;;
industrial;průmyslový;;
industry;průmysl;;
inflation;inflace;;
influence;ovlivnit, vliv;;
inform;oznámit, informovat;;
information;informace;;
initial;počáteční;;
injure;zranit;;
inner;vnitřní;;
innocent;nevinný;;
inside;vnitřek, uvnitř;;
insist;naléhat;;
inspect;dohlížet, kontrolovat;;
install;nastolit, instalovat;;
instance;příklad, případ;;
instant;okamžik, okamžitě;;
instantly;okamžitě;;
instead;místo toho, na místě;;
instinct;instinkt;;
instruct;učit, instruovat, dát pokyn;;
insult;urážka, urazit;;
insurance;pojištění;;
intelligence;správa, inteligence;;
intensive;intenzivní;;
interest;zájem, úrok;;
interesting;zajímavý;;
internal;vnitřní, vnitrozemský;;
internet;internet;;
interpret;vykládat, tlumočit;;
interpreter;tlumočník;;
interrupt;přerušit;;
intersection;křižovatka;;
interview;interview, pohovor;;
intimate;důvěrný, intimní;;
into;do;I don’t want to go into it;
introduce;uvést, zavést, představit;;
introduction;uvedení, úvod;;
invent;vynalézt;;
invention;vynález;;
investigate;pátrat, vyšetřovat;;
investigation;pátrání, vyšetřování;;
invitation;pozvání;;
invite;pozvat, vyzvat;;
invoice;faktura;;
involve;zapojit, zaplést;How many people will this project involve?;
iron;železo, železný, žehlit;;
irregular;nepravidelný;;
island;ostrov;;
issue;záležitost, problematika, vydat;;
it;to, ono;;
item;položka, bod (programu);;
itself;samo;It should be enough for the job by itself;Pro tu práci jako takovou by to mělo stačit
jacket;sako, kabát;;
jar;nádoba;;
jazz;jazz;;
jealous;žárlivý;;
jeans;džínsy;;
jewel;klenot, šperk, drahokam;;
job;práce, úkol;;
join;spojit (se), sjednotit (se), připojit (k), vstoupit (do);;
joke;vtip;;
journalist;novinář;;
journey;cesta;;
joy;radost;;
judge;soudce, rozhodčí;;
juice;džus, šťáva;;
jump;skok;;
jungle;džungle;;
just;spravedlivý, jenom, právě;;
justice;spravedlnost;;
keep;zachovávat, dodržovat, podporovat, nechat si;;
ketchup;kečup;;
key;lklíč;;
keyboard;klávesnice;;
kill;zabít;;
kilo;kilo;;
kilometre;kilometr;;
kind;laskavý, druh;;
kindness;laskavost;;
king;král;;
kitchen;kuchyně;;
knee;koleno;;
knife;nůž;;
know;vědět, znát;;
knowledge;znalost;;
lady;dáma, paní;;
lake;jezero;;
lamp;lampa, svítilna;;
land;země, půda, pozemek;;
landlord;pronajímatel, pan domácí;;
lane;jízdní pruh;;
language;jazyk, řeč;;
large;velký;;
last;poslední, minulý, trvat;How long do you think it will last?;
late;pozdě, pozdní;;
later;pozdější, později;;
laugh;smát se;;
laughter;smích;;
laundry;prádelna, prádlo;;
launch;spustit na vodu, zahájit, vypustit;;
law;zákon;;
lawn;trávník;;
lawyer;právník;;
lay;položit;;
lazy;líný;;
lead;vést;;
leader;vůdce, vedoucí;;
leak;prasklina, protékat, unikat;;
learn;učit se;;
lease;nájem, pronájem, pronajmout;We lease an apartment.;
least;nejméně;;
leather;kůže;;
leave;opustit, odejít, dovolení, dovolená;He is on leave this week.;
lecture;přednáška;;
left;levý, vlevo, nalevo;;
leg;noha;;
legal;legální, právní, zákonný;;
lend;půčit;I can lend you the money.;
length;délka;;
less;menší, zmenšit;;
lesson;lekce, vyučovací hodina, úkol;;
let;nechat, dovolit, pronajmout;Let him go.;The apartment is let now.
letter;písmeno, dopis;;
level;rovina, úroveň, rovný, stejnoměrný;;
liar;lhář;;
liberty;svoboda;;
library;knihovna;;
license;licence, povolení, průkaz;;
lie;ležet, lež, lhát;;
life;život;;
lift;zvednout (se), výtah;;
light;světlo, světlý, lehký, rozsvítit, osvětlovat;;
like;jako, podobný, mít rád;;
limit;omezení, omezit, limit;;
line;čára, fronta;;
list;seznam;;
listen;poslouchat, naslouchat;;
literature;literatura;;
litre;litr;;
little;malý, málo;;
live;žít, bydlit, živý;;
living;živobytí, živý, žijící;;
living room;obývací pokoj;;
loan;půjčka;;
local;místní;;
locate;umístit, lokalizovat, nacházetse;Do you know where the teatre is located?;
location;místo, lokalita;;
lock;zamknout, zavřít;;
lonely;osamělý;;
long;dlouhý, dlouho;;
look;dívat se, hledět, vypadat, vzhled;;
lorry;dodávka, nákladní vůz;;
lose;ztratit, prohrát;;
loss;ztráta, škoda;;
lost;ztracený, prohraný;;
lot;hodně;;
loud;hlasitý, křiklavý, hlasitě, nahlas;;
love;láska;;
lovely;půvabný, milý, roztomilý;;
low;nízký, tichý, nízko;;
luck;štěstí, náhoda;;
lucky;šťastný;;
luggage;zavazadlo;How much luggage do you have?;
lunch;oběd;What did you have for lunch?;
mad;šílený, bláznivý;;
magazine;časopis;;
machine;stroj;;
mail;pošta;;
main;hlavní;;
maintenance;podpora, údržba;;
major;větší, důležitý;;
majority;většina;;
make;dělat, vyrábět, přimět;I’m going to make a cake.;
make up;makeup, nalíčení;;
man;člověk, muž;;
manage;řídit, spravovat, zařídit;;
management;management;;
manner;způsob;You will do it in this manner.;
manual;ruční, tělesný, příručka;;
many;mnohý, četný, mnoho;;
map;mapa, plán;;
mark;cíl, terč, stopa, značka;;
market;trh;;
marriage;manželství, sňatek;;
marry;oženit (se), vdát (se);;
material;materiál;;
mathematics;matematika;;
match;zápas, sirka, shodovat se;;
matter;látka, záležitost, vadit;It doesn’t matter.;
may;smím, mohu;;
maybe;možná;;
me;mne, mě, mně;;
meal;jídlo (denní);;
mean;znamenat;;
meaning;mínění;;
measure;míra, rytmus, opatření, měřit;;
meat;maso;;
medicine;lék, lékařství;;
medium;střed, průměr, střední;;
meet;potkat, sejít se;;
meeting;schůzka, setkání;;
mechanic;opravář, mechanik;;
melody;melodie;;
member;člen;;
membership;členství;;
memory;paměť;;
mention;zmínit se, zmínka;;
menu;jídlení lístek;;
mess;nepořádek, zmatek;;
message;zpráva, vzkaz;;
metal;kov, železo;;
method;metoda, způsob, postup;;
metre;metr;;
middle;střední, prostřední;;
midnight;půlnoc;;
might;smím (podmiňovací – směl bych), mohu (podmiňovací – mohl bych);He might go with us.;
mild;mírný;;
mile;míle;;
milk;mléko;;
million;milion;;
mind;mysl, smýšlení, dbát (na), namítat (proti);;
mine;můj, mina, důl, dolovat;;
mineral;minerální;;
minister;ministr;;
minor;menší;;
minority;menšina;;
minute;minuta;;
mirror;zrcadlo;;
miss;minout, chybit, netrefit, zmeškat, postrádat;;
Miss;slečna (před jménem);;
missing;chybějící, pohřešovaný;;
mistake;chyba, omyl;;
misunderstanding;nedorozumění, neporozumění;;
mix;namíchat, smíchat;;
mobile;mobilní;;
modern;moderní;;
moment;okamžik;Wait a moment, please!;
money;peníze;;
monopoly;monopol;;
month;měsíc (v roce);;
mood;nálada;;
moon;měsíc (na obloze);;
more;více;;
morning;ráno, dopoledne;;
most;největší, většina;;
mother;matka;;
Mother-in-law;tchýně;;
motorcycle;motocykl;;
mountain;hora;;
mouth;ústa, ústí;;
